Model,Accuracy,Precision,Recall,F1,MCC,AUC
Logistic Regression,0.8076666666666666,0.6868250539956804,0.23963828183873398,0.3553072625698324,0.32444311464457076,0.7076355036089734
Decision Tree,0.7178333333333333,0.3737931034482759,0.4084400904295403,0.39034929780338495,0.20759933907033595,0.6084475568817064
kNN,0.7928333333333333,0.548723897911833,0.35644310474755087,0.4321608040201005,0.3232672232965524,0.7012631366420414
Naive Bayes,0.7525,0.4514742014742015,0.5538809344385832,0.49746192893401014,0.33862043928395225,0.7249303386463403
Random Forest,0.8121666666666667,0.6308900523560209,0.3632253202712886,0.4610234337637494,0.37709911361027576,0.7544553997204677
XGBoost,0.817,0.6545209176788124,0.3654860587792012,0.4690522243713733,0.3919389981553381,0.7723295701661859
