Model,Accuracy,Precision,Recall,F1,MCC,AUC
Logistic Regression,0.8078333333333333,0.6883116883116883,0.23963828183873398,0.35550586920067073,0.32509787852641475,0.7075721274599178
Decision Tree,0.7151666666666666,0.3704206241519674,0.4114544084400904,0.38986076401285247,0.20522734213814212,0.6078802355270565
kNN,0.7928333333333333,0.548723897911833,0.35644310474755087,0.4321608040201005,0.3232672232965524,0.7013108703319153
Naive Bayes,0.7525,0.4514742014742015,0.5538809344385832,0.49746192893401003,0.33862043928395225,0.7249303386463403
Random Forest,0.8133333333333334,0.63564875491481,0.3654860587792012,0.46411483253588515,0.381192763804875,0.7539762889346049
XGBoost,0.8183333333333334,0.6603518267929634,0.3677467972871138,0.4724104549854792,0.3966008346147139,0.7746971450576843
